"id","name","email","address","city"
1,Palm,pkornas0@msn.com,"793 Hoard Alley",Urbano Noris
2,Zachary,zredwall1@barnesandnoble.com,"93 Golf Lane",Skhira
3,Sue,stodman2@umn.edu,"64 Sycamore Terrace",Xankandi
4,Goddard,glethieulier3@sohu.com,"56 Nevada Circle",Plewiska
5,Vincents,vleipnik4@soup.io,"8 Maple Wood Terrace",Trablice
6,Ingaberg,iscarman5@deviantart.com,"5562 Mitchell Crossing",Konary
7,Cissy,ccatto6@discovery.com,"67946 Fairview Alley",Alor Setar
8,Simeon,sparades7@people.com.cn,"4 Towne Parkway",San Jos√© de Cusmapa
9,Gwennie,gworster8@ycombinator.com,"0 Esker Way",Fucheng
10,Joey,jsilver9@yandex.ru,"10 Brickson Park Place",Shengze
