"id","name","surname","email","address","birth_date"
1,Sharline,Kermode,skermode0@themeforest.net,"14164 Lakewood Way",1911-09-12
2,Bobbi,Anderl,banderl1@shinystat.com,"7181 Ridge Oak Street",1925-11-05
3,Theadora,Vigurs,tvigurs2@mozilla.org,"8142 Autumn Leaf Drive",1931-01-18
4,Elliott,Mapston,emapston3@jalbum.net,"32869 Welch Way",1954-08-09
5,Park,Spancock,pspancock4@usatoday.com,"7920 Tomscot Drive",1942-01-15
6,Wilbur,Reoch,wreoch5@china.com.cn,"335 Rigney Center",1993-07-20
7,Maris,Goodlet,mgoodlet6@hexun.com,"73 Nobel Drive",1960-07-04
8,Dennison,Dent,ddent7@google.es,"92942 Village Green Avenue",1965-01-02
9,Arda,Giovannacci,agiovannacci8@paypal.com,"307 Tennessee Avenue",1977-06-22
10,Rinaldo,Whannel,rwhannel9@twitpic.com,"86 Darwin Trail",1961-03-19
